﻿{
    "Directions": [
        {
            "Node1": 0,
            "Node2": 1,
            "Node3": 2,
            "Angle": 3,
            "Instruction": " Proceed Straight Ahead "
        }, {
            "Node1": 0,
            "Node2": 14,
            "Node3": 13,
            "Angle": 1,
            "Instruction": " Proceed Straight Ahead "
        }, {
            "Node1": 1,
            "Node2": 0,
            "Node3": 14,
            "Angle": 93,
            "Instruction": " Turn Right "
        }, {
            "Node1": 1,
            "Node2": 2,
            "Node3": 3,
            "Angle": -270,
            "Instruction": " Turn Sharp Left "
        }, {
            "Node1": 1,
            "Node2": 2,
            "Node3": 4,
            "Angle": -29,
            "Instruction": " Bear Left "
        }, {
            "Node1": 2,
            "Node2": 1,
            "Node3": 0,
            "Angle": -3,
            "Instruction": " Proceed Straight Ahead "
        }, {
            "Node1": 2,
            "Node2": 4,
            "Node3": 5,
            "Angle": -58,
            "Instruction": " Turn Left "
        }, {
            "Node1": 3,
            "Node2": 2,
            "Node3": 1,
            "Angle": -90,
            "Instruction": " Turn Left "
        }, {
            "Node1": 3,
            "Node2": 2,
            "Node3": 4,
            "Angle": 61,
            "Instruction": " Turn Right "
        }, {
            "Node1": 4,
            "Node2": 2,
            "Node3": 1,
            "Angle": 29,
            "Instruction": " Bear Right "
        }, {
            "Node1": 4,
            "Node2": 2,
            "Node3": 3,
            "Angle": -61,
            "Instruction": " Turn Left "
        }, {
            "Node1": 4,
            "Node2": 5,
            "Node3": 6,
            "Angle": -2,
            "Instruction": " Proceed Straight Ahead "
        }, {
            "Node1": 5,
            "Node2": 4,
            "Node3": 2,
            "Angle": 58,
            "Instruction": " Turn Right "
        }, {
            "Node1": 5,
            "Node2": 6,
            "Node3": 7,
            "Angle": 88,
            "Instruction": " Turn Right "
        }, {
            "Node1": 5,
            "Node2": 6,
            "Node3": 8,
            "Angle": -94,
            "Instruction": " Turn Left "
        }, {
            "Node1": 5,
            "Node2": 6,
            "Node3": 9,
            "Angle": -4,
            "Instruction": " Proceed Straight Ahead "
        }, {
            "Node1": 6,
            "Node2": 5,
            "Node3": 4,
            "Angle": 2,
            "Instruction": " Proceed Straight Ahead "
        }, {
            "Node1": 6,
            "Node2": 9,
            "Node3": 10,
            "Angle": -38,
            "Instruction": " Bear Left "
        }, {
            "Node1": 7,
            "Node2": 6,
            "Node3": 5,
            "Angle": -88,
            "Instruction": " Turn Left "
        }, {
            "Node1": 7,
            "Node2": 6,
            "Node3": 8,
            "Angle": -2,
            "Instruction": " Proceed Straight Ahead "
        }, {
            "Node1": 7,
            "Node2": 6,
            "Node3": 9,
            "Angle": 88,
            "Instruction": " Turn Right "
        }, {
            "Node1": 8,
            "Node2": 6,
            "Node3": 5,
            "Angle": -266,
            "Instruction": " Turn Sharp Left "
        }, {
            "Node1": 8,
            "Node2": 6,
            "Node3": 7,
            "Angle": 2,
            "Instruction": " Proceed Straight Ahead "
        }, {
            "Node1": 8,
            "Node2": 6,
            "Node3": 9,
            "Angle": -90,
            "Instruction": " Turn Left "
        }, {
            "Node1": 9,
            "Node2": 6,
            "Node3": 5,
            "Angle": -356,
            "Instruction": " Turn Sharp Left "
        }, {
            "Node1": 9,
            "Node2": 6,
            "Node3": 7,
            "Angle": -88,
            "Instruction": " Turn Left "
        }, {
            "Node1": 9,
            "Node2": 6,
            "Node3": 8,
            "Angle": -270,
            "Instruction": " Turn Sharp Left "
        }, {
            "Node1": 9,
            "Node2": 10,
            "Node3": 11,
            "Angle": -49,
            "Instruction": " Bear Left "
        }, {
            "Node1": 10,
            "Node2": 9,
            "Node3": 6,
            "Angle": 38,
            "Instruction": " Bear Right "
        }, {
            "Node1": 10,
            "Node2": 11,
            "Node3": 12,
            "Angle": 1,
            "Instruction": " Proceed Straight Ahead "
        }, {
            "Node1": 11,
            "Node2": 10,
            "Node3": 9,
            "Angle": 49,
            "Instruction": " Bear Right "
        }, {
            "Node1": 11,
            "Node2": 12,
            "Node3": 13,
            "Angle": -50,
            "Instruction": " Bear Left "
        }, {
            "Node1": 12,
            "Node2": 11,
            "Node3": 10,
            "Angle": -1,
            "Instruction": " Proceed Straight Ahead "
        }, {
            "Node1": 12,
            "Node2": 13,
            "Node3": 14,
            "Angle": -40,
            "Instruction": " Bear Left "
        }, {
            "Node1": 13,
            "Node2": 12,
            "Node3": 11,
            "Angle": 50,
            "Instruction": " Bear Right "
        }, {
            "Node1": 13,
            "Node2": 14,
            "Node3": 0,
            "Angle": -1,
            "Instruction": " Proceed Straight Ahead "
        }, {
            "Node1": 14,
            "Node2": 0,
            "Node3": 1,
            "Angle": 267,
            "Instruction": " Turn Sharp Right "
        }, {
            "Node1": 14,
            "Node2": 13,
            "Node3": 12,
            "Angle": 40,
            "Instruction": " Bear Right "
        }
    ]
}
        