{"nodes":[{"name":0,"x":14,"y":146},{"name":1,"x":89,"y":124},{"name":2,"x":113,"y":121},{"name":3,"x":126,"y":189},{"name":4,"x":190,"y":163},{"name":5,"x":267,"y":93},{"name":6,"x":320,"y":80},{"name":7,"x":296,"y":183},{"name":8,"x":357,"y":160},{"name":9,"x":26,"y":238},{"name":10,"x":81,"y":209},{"name":11,"x":116,"y":277},{"name":12,"x":57,"y":311},{"name":13,"x":377,"y":70},{"name":14,"x":403,"y":137},{"name":15,"x":451,"y":57},{"name":16,"x":461,"y":114},{"name":17,"x":481,"y":51},{"name":18,"x":554,"y":38},{"name":19,"x":700,"y":20},{"name":20,"x":575,"y":101},{"name":21,"x":546,"y":118},{"name":22,"x":609,"y":87},{"name":23,"x":641,"y":164},{"name":24,"x":574,"y":195},{"name":25,"x":559,"y":154},{"name":26,"x":523,"y":173},{"name":27,"x":573,"y":309},{"name":28,"x":590,"y":191},{"name":29,"x":619,"y":283},{"name":30,"x":585,"y":339},{"name":31,"x":605,"y":394},{"name":32,"x":651,"y":362},{"name":33,"x":697,"y":335},{"name":34,"x":665,"y":255},{"name":35,"x":506,"y":387},{"name":36,"x":462,"y":265},{"name":37,"x":425,"y":191},{"name":38,"x":477,"y":165},{"name":39,"x":417,"y":292},{"name":40,"x":376,"y":200},{"name":41,"x":315,"y":239},{"name":42,"x":351,"y":333},{"name":43,"x":269,"y":382},{"name":44,"x":297,"y":435},{"name":45,"x":336,"y":344},{"name":46,"x":360,"y":397},{"name":47,"x":431,"y":509},{"name":48,"x":405,"y":535},{"name":49,"x":338,"y":412},{"name":50,"x":379,"y":559},{"name":51,"x":224,"y":413},{"name":52,"x":157,"y":294},{"name":53,"x":161,"y":259},{"name":54,"x":166,"y":532},{"name":55,"x":203,"y":510},{"name":56,"x":283,"y":648},{"name":57,"x":525,"y":427},{"name":58,"x":424,"y":443},{"name":59,"x":580,"y":513},{"name":60,"x":540,"y":436}],"paths":[{"id":0,"from":0,"to":1},{"id":1,"from":1,"to":2},{"id":2,"from":2,"to":3},{"id":3,"from":3,"to":4},{"id":4,"from":2,"to":5},{"id":5,"from":5,"to":6},{"id":6,"from":5,"to":7},{"id":7,"from":7,"to":8},{"id":8,"from":6,"to":8},{"id":9,"from":0,"to":9},{"id":10,"from":10,"to":9},{"id":11,"from":11,"to":10},{"id":12,"from":12,"to":9},{"id":13,"from":12,"to":11},{"id":14,"from":11,"to":7},{"id":15,"from":13,"to":6},{"id":16,"from":14,"to":8},{"id":17,"from":13,"to":14},{"id":18,"from":15,"to":13},{"id":19,"from":16,"to":15},{"id":20,"from":14,"to":16},{"id":21,"from":17,"to":15},{"id":22,"from":18,"to":17},{"id":23,"from":19,"to":18},{"id":24,"from":20,"to":18},{"id":25,"from":21,"to":20},{"id":26,"from":22,"to":20},{"id":27,"from":23,"to":22},{"id":28,"from":24,"to":23},{"id":29,"from":21,"to":25},{"id":30,"from":25,"to":24},{"id":31,"from":26,"to":17},{"id":32,"from":26,"to":25},{"id":33,"from":27,"to":26},{"id":34,"from":28,"to":24},{"id":35,"from":28,"to":23},{"id":36,"from":29,"to":28},{"id":37,"from":29,"to":27},{"id":38,"from":30,"to":27},{"id":39,"from":31,"to":30},{"id":40,"from":32,"to":31},{"id":41,"from":29,"to":32},{"id":42,"from":33,"to":32},{"id":43,"from":34,"to":29},{"id":44,"from":23,"to":34},{"id":45,"from":34,"to":33},{"id":46,"from":35,"to":30},{"id":47,"from":36,"to":35},{"id":48,"from":14,"to":16},{"id":49,"from":38,"to":37},{"id":50,"from":37,"to":14},{"id":51,"from":37,"to":36},{"id":52,"from":39,"to":36},{"id":53,"from":40,"to":37},{"id":54,"from":8,"to":40},{"id":55,"from":40,"to":39},{"id":56,"from":41,"to":40},{"id":57,"from":41,"to":7},{"id":58,"from":42,"to":41},{"id":59,"from":42,"to":39},{"id":60,"from":43,"to":42},{"id":61,"from":44,"to":43},{"id":62,"from":45,"to":42},{"id":63,"from":45,"to":43},{"id":64,"from":46,"to":45},{"id":65,"from":44,"to":46},{"id":66,"from":47,"to":46},{"id":67,"from":48,"to":47},{"id":68,"from":49,"to":46},{"id":69,"from":49,"to":44},{"id":70,"from":50,"to":44},{"id":71,"from":50,"to":48},{"id":72,"from":48,"to":49},{"id":73,"from":51,"to":43},{"id":74,"from":52,"to":51},{"id":75,"from":52,"to":53},{"id":76,"from":53,"to":11},{"id":77,"from":53,"to":7},{"id":78,"from":54,"to":44},{"id":79,"from":54,"to":12},{"id":80,"from":55,"to":54},{"id":81,"from":55,"to":44},{"id":82,"from":56,"to":55},{"id":83,"from":56,"to":50},{"id":84,"from":57,"to":35},{"id":85,"from":58,"to":35},{"id":86,"from":59,"to":57},{"id":87,"from":60,"to":31},{"id":88,"from":60,"to":57}]}