{
  "nodes": [
    {
      "name": 0,
      "x": 578,
      "y": 640
    },
    {
      "name": 1,
      "x": 631,
      "y": 592
    },
    {
      "name": 2,
      "x": 753,
      "y": 528
    },
    {
      "name": 3,
      "x": 718,
      "y": 376
    },
    {
      "name": 4,
      "x": 837,
      "y": 497
    },
    {
      "name": 5,
      "x": 1023,
      "y": 457
    },
    {
      "name": 6,
      "x": 1151,
      "y": 451
    },
    {
      "name": 7,
      "x": 1323,
      "y": 468
    },
    {
      "name": 8,
      "x": 1460,
      "y": 492
    },
    {
      "name": 9,
      "x": 1582,
      "y": 367
    },
    {
      "name": 10,
      "x": 1577,
      "y": 548
    },
    {
      "name": 11,
      "x": 1711,
      "y": 632
    },
    {
      "name": 12,
      "x": 1927,
      "y": 531
    },
    {
      "name": 13,
      "x": 1578,
      "y": 716
    },
    {
      "name": 14,
      "x": 1502,
      "y": 775
    },
    {
      "name": 15,
      "x": 1636,
      "y": 1003
    },
    {
      "name": 16,
      "x": 1317,
      "y": 866
    },
    {
      "name": 17,
      "x": 1136,
      "y": 884
    },
    {
      "name": 18,
      "x": 1000,
      "y": 879
    },
    {
      "name": 19,
      "x": 795,
      "y": 773
    },
    {
      "name": 20,
      "x": 646,
      "y": 1028
    },
    {
      "name": 21,
      "x": 1145,
      "y": 732
    },
    {
      "name": 22,
      "x": 1042,
      "y": 689
    },
    {
      "name": 23,
      "x": 1041,
      "y": 644
    },
    {
      "name": 24,
      "x": 1149,
      "y": 617
    }
  ],
  "paths": [
    {
      "id": 0,
      "from": 0,
      "to": 1
    },
    {
      "id": 1,
      "from": 2,
      "to": 1
    },
    {
      "id": 2,
      "from": 1,
      "to": 2
    },
    {
      "id": 3,
      "from": 4,
      "to": 2
    },
    {
      "id": 4,
      "from": 4,
      "to": 3
    },
    {
      "id": 5,
      "from": 4,
      "to": 5
    },
    {
      "id": 6,
      "from": 5,
      "to": 6
    },
    {
      "id": 7,
      "from": 6,
      "to": 7
    },
    {
      "id": 8,
      "from": 7,
      "to": 8
    },
    {
      "id": 9,
      "from": 8,
      "to": 9
    },
    {
      "id": 10,
      "from": 8,
      "to": 10
    },
    {
      "id": 11,
      "from": 10,
      "to": 11
    },
    {
      "id": 12,
      "from": 11,
      "to": 12
    },
    {
      "id": 13,
      "from": 11,
      "to": 13
    },
    {
      "id": 14,
      "from": 13,
      "to": 14
    },
    {
      "id": 15,
      "from": 14,
      "to": 15
    },
    {
      "id": 16,
      "from": 14,
      "to": 16
    },
    {
      "id": 17,
      "from": 17,
      "to": 16
    },
    {
      "id": 18,
      "from": 17,
      "to": 21
    },
    {
      "id": 19,
      "from": 21,
      "to": 24
    },
    {
      "id": 20,
      "from": 24,
      "to": 6
    },
    {
      "id": 21,
      "from": 21,
      "to": 22
    },
    {
      "id": 22,
      "from": 22,
      "to": 23
    },
    {
      "id": 23,
      "from": 23,
      "to": 24
    },
    {
      "id": 24,
      "from": 17,
      "to": 18
    },
    {
      "id": 25,
      "from": 18,
      "to": 19
    },
    {
      "id": 26,
      "from": 19,
      "to": 20
    },
    {
      "id": 27,
      "from": 19,
      "to": 0
    }
  ]
}