{
  "nodes": [
    {
      "name": 0,
      "x": 543,
      "y": 575
    },
    {
      "name": 1,
      "x": 628,
      "y": 596
    },
    {
      "name": 2,
      "x": 670,
      "y": 534
    },
    {
      "name": 3,
      "x": 787,
      "y": 489
    },
    {
      "name": 4,
      "x": 864,
      "y": 464
    },
    {
      "name": 5,
      "x": 976,
      "y": 469
    },
    {
      "name": 6,
      "x": 995,
      "y": 433
    },
    {
      "name": 7,
      "x": 1070,
      "y": 422
    },
    {
      "name": 8,
      "x": 1200,
      "y": 419
    },
    {
      "name": 9,
      "x": 1233,
      "y": 422
    },
    {
      "name": 10,
      "x": 1268,
      "y": 425
    },
    {
      "name": 11,
      "x": 1297,
      "y": 426
    },
    {
      "name": 12,
      "x": 1329,
      "y": 438
    },
    {
      "name": 13,
      "x": 1424,
      "y": 458
    },
    {
      "name": 14,
      "x": 1563,
      "y": 421
    },
    {
      "name": 15,
      "x": 1516,
      "y": 475
    },
    {
      "name": 16,
      "x": 1549,
      "y": 495
    },
    {
      "name": 17,
      "x": 1689,
      "y": 562
    },
    {
      "name": 18,
      "x": 1746,
      "y": 573
    },
    {
      "name": 19,
      "x": 1764,
      "y": 686
    },
    {
      "name": 20,
      "x": 1668,
      "y": 706
    },
    {
      "name": 21,
      "x": 1656,
      "y": 673
    },
    {
      "name": 22,
      "x": 1565,
      "y": 838
    },
    {
      "name": 23,
      "x": 1614,
      "y": 893
    },
    {
      "name": 24,
      "x": 1647,
      "y": 927
    },
    {
      "name": 25,
      "x": 1648,
      "y": 972
    },
    {
      "name": 26,
      "x": 1573,
      "y": 991
    },
    {
      "name": 27,
      "x": 1509,
      "y": 870
    },
    {
      "name": 28,
      "x": 1493,
      "y": 818
    },
    {
      "name": 29,
      "x": 1458,
      "y": 819
    },
    {
      "name": 30,
      "x": 1344,
      "y": 889
    },
    {
      "name": 31,
      "x": 1261,
      "y": 902
    },
    {
      "name": 32,
      "x": 1195,
      "y": 906
    },
    {
      "name": 33,
      "x": 1140,
      "y": 937
    },
    {
      "name": 34,
      "x": 1061,
      "y": 911
    },
    {
      "name": 35,
      "x": 951,
      "y": 882
    },
    {
      "name": 36,
      "x": 893,
      "y": 847
    },
    {
      "name": 37,
      "x": 810,
      "y": 819
    },
    {
      "name": 38,
      "x": 792,
      "y": 846
    },
    {
      "name": 39,
      "x": 645,
      "y": 931
    },
    {
      "name": 40,
      "x": 720,
      "y": 846
    },
    {
      "name": 41,
      "x": 749,
      "y": 787
    },
    {
      "name": 42,
      "x": 728,
      "y": 758
    },
    {
      "name": 43,
      "x": 690,
      "y": 738
    },
    {
      "name": 44,
      "x": 627,
      "y": 711
    },
    {
      "name": 45,
      "x": 533,
      "y": 715
    },
    {
      "name": 46,
      "x": 524,
      "y": 665
    },
    {
      "name": 47,
      "x": 523,
      "y": 628
    },
    {
      "name": 48,
      "x": 674,
      "y": 606
    },
    {
      "name": 49,
      "x": 737,
      "y": 576
    },
    {
      "name": 50,
      "x": 794,
      "y": 552
    },
    {
      "name": 51,
      "x": 831,
      "y": 537
    },
    {
      "name": 52,
      "x": 888,
      "y": 525
    },
    {
      "name": 53,
      "x": 962,
      "y": 507
    },
    {
      "name": 54,
      "x": 1052,
      "y": 488
    },
    {
      "name": 55,
      "x": 1097,
      "y": 488
    },
    {
      "name": 56,
      "x": 1102,
      "y": 536
    },
    {
      "name": 57,
      "x": 1081,
      "y": 603
    },
    {
      "name": 58,
      "x": 1018,
      "y": 627
    },
    {
      "name": 59,
      "x": 1047,
      "y": 726
    },
    {
      "name": 60,
      "x": 1084,
      "y": 706
    },
    {
      "name": 61,
      "x": 1095,
      "y": 792
    },
    {
      "name": 62,
      "x": 1094,
      "y": 847
    },
    {
      "name": 63,
      "x": 1054,
      "y": 858
    },
    {
      "name": 64,
      "x": 1023,
      "y": 853
    },
    {
      "name": 65,
      "x": 990,
      "y": 842
    },
    {
      "name": 66,
      "x": 959,
      "y": 827
    },
    {
      "name": 67,
      "x": 923,
      "y": 800
    },
    {
      "name": 68,
      "x": 860,
      "y": 767
    },
    {
      "name": 69,
      "x": 822,
      "y": 750
    },
    {
      "name": 70,
      "x": 792,
      "y": 720
    },
    {
      "name": 71,
      "x": 722,
      "y": 688
    },
    {
      "name": 72,
      "x": 672,
      "y": 661
    },
    {
      "name": 73,
      "x": 1199,
      "y": 488
    },
    {
      "name": 74,
      "x": 1241,
      "y": 489
    },
    {
      "name": 75,
      "x": 1272,
      "y": 489
    },
    {
      "name": 76,
      "x": 1301,
      "y": 490
    },
    {
      "name": 77,
      "x": 1327,
      "y": 501
    },
    {
      "name": 78,
      "x": 1395,
      "y": 516
    },
    {
      "name": 79,
      "x": 1461,
      "y": 530
    },
    {
      "name": 80,
      "x": 1494,
      "y": 548
    },
    {
      "name": 81,
      "x": 1521,
      "y": 554
    },
    {
      "name": 82,
      "x": 1544,
      "y": 563
    },
    {
      "name": 83,
      "x": 1567,
      "y": 575
    },
    {
      "name": 84,
      "x": 1589,
      "y": 586
    },
    {
      "name": 85,
      "x": 1614,
      "y": 599
    },
    {
      "name": 86,
      "x": 1633,
      "y": 606
    },
    {
      "name": 87,
      "x": 1628,
      "y": 661
    },
    {
      "name": 88,
      "x": 1544,
      "y": 703
    },
    {
      "name": 89,
      "x": 1501,
      "y": 733
    },
    {
      "name": 90,
      "x": 1468,
      "y": 754
    },
    {
      "name": 91,
      "x": 1410,
      "y": 779
    },
    {
      "name": 92,
      "x": 1336,
      "y": 821
    },
    {
      "name": 93,
      "x": 1272,
      "y": 854
    },
    {
      "name": 94,
      "x": 1201,
      "y": 847
    },
    {
      "name": 95,
      "x": 1191,
      "y": 818
    },
    {
      "name": 96,
      "x": 1199,
      "y": 765
    },
    {
      "name": 97,
      "x": 1201,
      "y": 717
    },
    {
      "name": 98,
      "x": 1199,
      "y": 677
    },
    {
      "name": 99,
      "x": 1207,
      "y": 611
    },
    {
      "name": 100,
      "x": 1197,
      "y": 585
    },
    {
      "name": 101,
      "x": 1193,
      "y": 555
    },
    {
      "name": 102,
      "x": 1188,
      "y": 523
    },
    {
      "name": 103,
      "x": 1503,
      "y": 777
    }
  ],
  "paths": []
}