﻿[{
    "mallLevel": 3,
    "storeName": "Game",
    "Category": "Any",
    "name": 0,
    "Node1": 0,
    "Node2": 0,
    "X": 543,
    "Y": 575,
    "StoreX": 543,
    "StoreY": 575,
    "storeElevator": 1,
    "storeEscalator": 1,
    "Toilet": 1
},
{
    "mallLevel": 3,
    "storeName": "Vape Shop",
    "Category": "Any",
    "name": 1,
    "Node1": 0,
    "Node2": 0,
    "X": 628,
    "Y": 596,
    "StoreX": 628,
    "StoreY": 596,
    "storeElevator": 1,
    "storeEscalator": 1,
    "Toilet": 1
},
{
    "mallLevel": 3,
    "storeName": "Side Step",
    "Category": "Any",
    "name": 2,
    "Node1": 0,
    "Node2": 0,
    "X": 670,
    "Y": 534,
    "StoreX": 670,
    "StoreY": 534,
    "storeElevator": 1,
    "storeEscalator": 1,
    "Toilet": 1
},
{
    "mallLevel": 3,
    "storeName": "Sportscene",
    "Category": "Any",
    "name": 3,
    "Node1": 0,
    "Node2": 0,
    "X": 787,
    "Y": 489,
    "StoreX": 787,
    "StoreY": 489,
    "storeElevator": 1,
    "storeEscalator": 1,
    "Toilet": 1
},
{
    "mallLevel": 3,
    "storeName": "Cotton On",
    "Category": "Any",
    "name": 4,
    "Node1": 0,
    "Node2": 0,
    "X": 864,
    "Y": 464,
    "StoreX": 864,
    "StoreY": 464,
    "storeElevator": 1,
    "storeEscalator": 1,
    "Toilet": 1
},
{
    "mallLevel": 3,
    "storeName": "Superfine",
    "Category": "Any",
    "name": 5,
    "Node1": 0,
    "Node2": 0,
    "X": 976,
    "Y": 469,
    "StoreX": 976,
    "StoreY": 469,
    "storeElevator": 1,
    "storeEscalator": 1,
    "Toilet": 1
},
{
    "mallLevel": 3,
    "storeName": "Studio 88",
    "Category": "Any",
    "name": 6,
    "Node1": 0,
    "Node2": 0,
    "X": 995,
    "Y": 433,
    "StoreX": 995,
    "StoreY": 433,
    "storeElevator": 1,
    "storeEscalator": 1,
    "Toilet": 1
},
{
    "mallLevel": 3,
    "storeName": "Truworths",
    "Category": "Any",
    "name": 7,
    "Node1": 0,
    "Node2": 0,
    "X": 1070,
    "Y": 422,
    "StoreX": 1070,
    "StoreY": 422,
    "storeElevator": 1,
    "storeEscalator": 1,
    "Toilet": 1
},
{
    "mallLevel": 3,
    "storeName": "YDE",
    "Category": "Any",
    "name": 8,
    "Node1": 0,
    "Node2": 0,
    "X": 1200,
    "Y": 419,
    "StoreX": 1200,
    "StoreY": 419,
    "storeElevator": 1,
    "storeEscalator": 1,
    "Toilet": 1
},
{
    "mallLevel": 3,
    "storeName": "Identity",
    "Category": "Any",
    "name": 9,
    "Node1": 0,
    "Node2": 0,
    "X": 1233,
    "Y": 422,
    "StoreX": 1233,
    "StoreY": 422,
    "storeElevator": 1,
    "storeEscalator": 1,
    "Toilet": 1
},
{
    "mallLevel": 3,
    "storeName": "Converse",
    "Category": "Any",
    "name": 10,
    "Node1": 0,
    "Node2": 0,
    "X": 1268,
    "Y": 425,
    "StoreX": 1268,
    "StoreY": 425,
    "storeElevator": 1,
    "storeEscalator": 1,
    "Toilet": 1
},
{
    "mallLevel": 3,
    "storeName": "Sportsmans Warehouse",
    "Category": "Any",
    "name": 11,
    "Node1": 0,
    "Node2": 0,
    "X": 1297,
    "Y": 426,
    "StoreX": 1297,
    "StoreY": 426,
    "storeElevator": 1,
    "storeEscalator": 1,
    "Toilet": 1
},
{
    "mallLevel": 3,
    "storeName": "CROCS",
    "Category": "Any",
    "name": 12,
    "Node1": 0,
    "Node2": 0,
    "X": 1329,
    "Y": 438,
    "StoreX": 1329,
    "StoreY": 438,
    "storeElevator": 1,
    "storeEscalator": 1,
    "Toilet": 1
},
{
    "mallLevel": 3,
    "storeName": "Hush Puppies",
    "Category": "Any",
    "name": 13,
    "Node1": 0,
    "Node2": 0,
    "X": 1424,
    "Y": 458,
    "StoreX": 1424,
    "StoreY": 458,
    "storeElevator": 1,
    "storeEscalator": 1,
    "Toilet": 1
},
{
    "mallLevel": 3,
    "storeName": "Puma",
    "Category": "Any",
    "name": 14,
    "Node1": 0,
    "Node2": 0,
    "X": 1563,
    "Y": 421,
    "StoreX": 1563,
    "StoreY": 421,
    "storeElevator": 1,
    "storeEscalator": 1,
    "Toilet": 1
},
{
    "mallLevel": 3,
    "storeName": "Timberland",
    "Category": "Any",
    "name": 15,
    "Node1": 0,
    "Node2": 0,
    "X": 1516,
    "Y": 475,
    "StoreX": 1516,
    "StoreY": 475,
    "storeElevator": 1,
    "storeEscalator": 1,
    "Toilet": 1
},
{
    "mallLevel": 3,
    "storeName": "Jones & Kent",
    "Category": "Any",
    "name": 16,
    "Node1": 0,
    "Node2": 0,
    "X": 1549,
    "Y": 495,
    "StoreX": 1549,
    "StoreY": 495,
    "storeElevator": 1,
    "storeEscalator": 1,
    "Toilet": 1
},
{
    "mallLevel": 3,
    "storeName": "Old Khaki",
    "Category": "Any",
    "name": 17,
    "Node1": 0,
    "Node2": 0,
    "X": 1689,
    "Y": 562,
    "StoreX": 1689,
    "StoreY": 562,
    "storeElevator": 1,
    "storeEscalator": 1,
    "Toilet": 1
},
{
    "mallLevel": 3,
    "storeName": "Forever 21",
    "Category": "Any",
    "name": 18,
    "Node1": 0,
    "Node2": 0,
    "X": 1746,
    "Y": 573,
    "StoreX": 1746,
    "StoreY": 573,
    "storeElevator": 1,
    "storeEscalator": 1,
    "Toilet": 1
},
{
    "mallLevel": 3,
    "storeName": "Woolworths",
    "Category": "Any",
    "name": 19,
    "Node1": 0,
    "Node2": 0,
    "X": 1764,
    "Y": 686,
    "StoreX": 1764,
    "StoreY": 686,
    "storeElevator": 1,
    "storeEscalator": 1,
    "Toilet": 1
},
{
    "mallLevel": 3,
    "storeName": "Cellini",
    "Category": "Any",
    "name": 20,
    "Node1": 0,
    "Node2": 0,
    "X": 1668,
    "Y": 706,
    "StoreX": 1668,
    "StoreY": 706,
    "storeElevator": 1,
    "storeEscalator": 1,
    "Toilet": 1
},
{
    "mallLevel": 3,
    "storeName": "Lamy",
    "Category": "Any",
    "name": 21,
    "Node1": 0,
    "Node2": 0,
    "X": 1656,
    "Y": 673,
    "StoreX": 1656,
    "StoreY": 673,
    "storeElevator": 1,
    "storeEscalator": 1,
    "Toilet": 1
},
{
    "mallLevel": 3,
    "storeName": "Levingers",
    "Category": "Any",
    "name": 22,
    "Node1": 0,
    "Node2": 0,
    "X": 1565,
    "Y": 838,
    "StoreX": 1565,
    "StoreY": 838,
    "storeElevator": 1,
    "storeEscalator": 1,
    "Toilet": 1
},
{
    "mallLevel": 3,
    "storeName": "Capitec Bank",
    "Category": "Any",
    "name": 23,
    "Node1": 0,
    "Node2": 0,
    "X": 1614,
    "Y": 893,
    "StoreX": 1614,
    "StoreY": 893,
    "storeElevator": 1,
    "storeEscalator": 1,
    "Toilet": 1
},
{
    "mallLevel": 3,
    "storeName": "Standard Bank",
    "Category": "Any",
    "name": 24,
    "Node1": 0,
    "Node2": 0,
    "X": 1647,
    "Y": 927,
    "StoreX": 1647,
    "StoreY": 927,
    "storeElevator": 1,
    "storeEscalator": 1,
    "Toilet": 1
},
{
    "mallLevel": 3,
    "storeName": "FNB",
    "Category": "Any",
    "name": 25,
    "Node1": 0,
    "Node2": 0,
    "X": 1648,
    "Y": 972,
    "StoreX": 1648,
    "StoreY": 972,
    "storeElevator": 1,
    "storeEscalator": 1,
    "Toilet": 1
},
{
    "mallLevel": 3,
    "storeName": "African Bank",
    "Category": "Any",
    "name": 26,
    "Node1": 0,
    "Node2": 0,
    "X": 1573,
    "Y": 991,
    "StoreX": 1573,
    "StoreY": 991,
    "storeElevator": 1,
    "storeEscalator": 1,
    "Toilet": 1
},
{
    "mallLevel": 3,
    "storeName": "ABSA Bank",
    "Category": "Any",
    "name": 27,
    "Node1": 0,
    "Node2": 0,
    "X": 1509,
    "Y": 870,
    "StoreX": 1509,
    "StoreY": 870,
    "storeElevator": 1,
    "storeEscalator": 1,
    "Toilet": 1
},
{
    "mallLevel": 3,
    "storeName": "The Tea Merchant",
    "Category": "Any",
    "name": 28,
    "Node1": 0,
    "Node2": 0,
    "X": 1493,
    "Y": 818,
    "StoreX": 1493,
    "StoreY": 818,
    "storeElevator": 1,
    "storeEscalator": 1,
    "Toilet": 1
},
{
    "mallLevel": 3,
    "storeName": "Call It Spring",
    "Category": "Any",
    "name": 29,
    "Node1": 0,
    "Node2": 0,
    "X": 1458,
    "Y": 819,
    "StoreX": 1458,
    "StoreY": 819,
    "storeElevator": 1,
    "storeEscalator": 1,
    "Toilet": 1
},
{
    "mallLevel": 3,
    "storeName": "Pick n Pay",
    "Category": "Any",
    "name": 30,
    "Node1": 0,
    "Node2": 0,
    "X": 1344,
    "Y": 889,
    "StoreX": 1344,
    "StoreY": 889,
    "storeElevator": 1,
    "storeEscalator": 1,
    "Toilet": 1
},
{
    "mallLevel": 3,
    "storeName": "Verimark",
    "Category": "Any",
    "name": 31,
    "Node1": 0,
    "Node2": 0,
    "X": 1261,
    "Y": 902,
    "StoreX": 1261,
    "StoreY": 902,
    "storeElevator": 1,
    "storeEscalator": 1,
    "Toilet": 1
},
{
    "mallLevel": 3,
    "storeName": "Time Zone by Cajees",
    "Category": "Any",
    "name": 32,
    "Node1": 0,
    "Node2": 0,
    "X": 1195,
    "Y": 906,
    "StoreX": 1195,
    "StoreY": 906,
    "storeElevator": 1,
    "storeEscalator": 1,
    "Toilet": 1
},
{
    "mallLevel": 3,
    "storeName": "Checkers Hyper",
    "Category": "Any",
    "name": 33,
    "Node1": 0,
    "Node2": 0,
    "X": 1140,
    "Y": 937,
    "StoreX": 1140,
    "StoreY": 937,
    "storeElevator": 1,
    "storeEscalator": 1,
    "Toilet": 1
},
{
    "mallLevel": 3,
    "storeName": "Keedo",
    "Category": "Any",
    "name": 34,
    "Node1": 0,
    "Node2": 0,
    "X": 1061,
    "Y": 911,
    "StoreX": 1061,
    "StoreY": 911,
    "storeElevator": 1,
    "storeEscalator": 1,
    "Toilet": 1
},
{
    "mallLevel": 3,
    "storeName": "Incredible Connection",
    "Category": "Any",
    "name": 35,
    "Node1": 0,
    "Node2": 0,
    "X": 951,
    "Y": 882,
    "StoreX": 951,
    "StoreY": 882,
    "storeElevator": 1,
    "storeEscalator": 1,
    "Toilet": 1
},
{
    "mallLevel": 3,
    "storeName": "CAN",
    "Category": "Any",
    "name": 36,
    "Node1": 0,
    "Node2": 0,
    "X": 893,
    "Y": 847,
    "StoreX": 893,
    "StoreY": 847,
    "storeElevator": 1,
    "storeEscalator": 1,
    "Toilet": 1
},
{
    "mallLevel": 3,
    "storeName": "Adidas Kids",
    "Category": "Any",
    "name": 37,
    "Node1": 0,
    "Node2": 0,
    "X": 810,
    "Y": 819,
    "StoreX": 810,
    "StoreY": 819,
    "storeElevator": 1,
    "storeEscalator": 1,
    "Toilet": 1
},
{
    "mallLevel": 3,
    "storeName": "The Gadget Shop",
    "Category": "Any",
    "name": 38,
    "Node1": 0,
    "Node2": 0,
    "X": 792,
    "Y": 846,
    "StoreX": 792,
    "StoreY": 846,
    "storeElevator": 1,
    "storeEscalator": 1,
    "Toilet": 1
},
{
    "mallLevel": 3,
    "storeName": "Dischem Pharmacy",
    "Category": "Any",
    "name": 39,
    "Node1": 0,
    "Node2": 0,
    "X": 645,
    "Y": 931,
    "StoreX": 645,
    "StoreY": 931,
    "storeElevator": 1,
    "storeEscalator": 1,
    "Toilet": 1
},
{
    "mallLevel": 3,
    "storeName": "Kitwe",
    "Category": "Any",
    "name": 40,
    "Node1": 0,
    "Node2": 0,
    "X": 720,
    "Y": 846,
    "StoreX": 720,
    "StoreY": 846,
    "storeElevator": 1,
    "storeEscalator": 1,
    "Toilet": 1
},
{
    "mallLevel": 3,
    "storeName": "Wimpy",
    "Category": "Any",
    "name": 41,
    "Node1": 0,
    "Node2": 0,
    "X": 749,
    "Y": 787,
    "StoreX": 749,
    "StoreY": 787,
    "storeElevator": 1,
    "storeEscalator": 1,
    "Toilet": 1
},
{
    "mallLevel": 3,
    "storeName": "Foto First",
    "Category": "Any",
    "name": 42,
    "Node1": 0,
    "Node2": 0,
    "X": 728,
    "Y": 758,
    "StoreX": 728,
    "StoreY": 758,
    "storeElevator": 1,
    "storeEscalator": 1,
    "Toilet": 1
},
{
    "mallLevel": 3,
    "storeName": "Mr Price Sport",
    "Category": "Any",
    "name": 43,
    "Node1": 0,
    "Node2": 0,
    "X": 690,
    "Y": 738,
    "StoreX": 690,
    "StoreY": 738,
    "storeElevator": 1,
    "storeEscalator": 1,
    "Toilet": 1
},
{
    "mallLevel": 3,
    "storeName": "MTN",
    "Category": "Any",
    "name": 44,
    "Node1": 0,
    "Node2": 0,
    "X": 627,
    "Y": 711,
    "StoreX": 627,
    "StoreY": 711,
    "storeElevator": 1,
    "storeEscalator": 1,
    "Toilet": 1
},
{
    "mallLevel": 3,
    "storeName": "Edgars",
    "Category": "Any",
    "name": 45,
    "Node1": 0,
    "Node2": 0,
    "X": 533,
    "Y": 715,
    "StoreX": 533,
    "StoreY": 715,
    "storeElevator": 1,
    "storeEscalator": 1,
    "Toilet": 1
},
{
    "mallLevel": 3,
    "storeName": "TM Lewin",
    "Category": "Any",
    "name": 46,
    "Node1": 0,
    "Node2": 0,
    "X": 524,
    "Y": 665,
    "StoreX": 524,
    "StoreY": 665,
    "storeElevator": 1,
    "storeEscalator": 1,
    "Toilet": 1
},
{
    "mallLevel": 3,
    "storeName": "Digel",
    "Category": "Any",
    "name": 47,
    "Node1": 0,
    "Node2": 0,
    "X": 523,
    "Y": 628,
    "StoreX": 523,
    "StoreY": 628,
    "storeElevator": 1,
    "storeEscalator": 1,
    "Toilet": 1
},
{
    "mallLevel": 3,
    "storeName": "Telkom Direct",
    "Category": "Any",
    "name": 48,
    "Node1": 0,
    "Node2": 0,
    "X": 674,
    "Y": 606,
    "StoreX": 674,
    "StoreY": 606,
    "storeElevator": 1,
    "storeEscalator": 1,
    "Toilet": 1
},
{
    "mallLevel": 3,
    "storeName": "Hair City",
    "Category": "Any",
    "name": 49,
    "Node1": 0,
    "Node2": 0,
    "X": 737,
    "Y": 576,
    "StoreX": 737,
    "StoreY": 576,
    "storeElevator": 1,
    "storeEscalator": 1,
    "Toilet": 1
},
{
    "mallLevel": 3,
    "storeName": "Vans",
    "Category": "Any",
    "name": 50,
    "Node1": 0,
    "Node2": 0,
    "X": 794,
    "Y": 552,
    "StoreX": 794,
    "StoreY": 552,
    "storeElevator": 1,
    "storeEscalator": 1,
    "Toilet": 1
},
{
    "mallLevel": 3,
    "storeName": "Legit",
    "Category": "Any",
    "name": 51,
    "Node1": 0,
    "Node2": 0,
    "X": 831,
    "Y": 537,
    "StoreX": 831,
    "StoreY": 537,
    "storeElevator": 1,
    "storeEscalator": 1,
    "Toilet": 1
},
{
    "mallLevel": 3,
    "storeName": "H&M",
    "Category": "Any",
    "name": 52,
    "Node1": 0,
    "Node2": 0,
    "X": 888,
    "Y": 525,
    "StoreX": 888,
    "StoreY": 525,
    "storeElevator": 1,
    "storeEscalator": 1,
    "Toilet": 1
},
{
    "mallLevel": 3,
    "storeName": "Contempo",
    "Category": "Any",
    "name": 53,
    "Node1": 0,
    "Node2": 0,
    "X": 962,
    "Y": 507,
    "StoreX": 962,
    "StoreY": 507,
    "storeElevator": 1,
    "storeEscalator": 1,
    "Toilet": 1
},
{
    "mallLevel": 3,
    "storeName": "Lovisa",
    "Category": "Any",
    "name": 54,
    "Node1": 0,
    "Node2": 0,
    "X": 1052,
    "Y": 488,
    "StoreX": 1052,
    "StoreY": 488,
    "storeElevator": 1,
    "storeEscalator": 1,
    "Toilet": 1
},
{
    "mallLevel": 3,
    "storeName": "Forever New",
    "Category": "Any",
    "name": 55,
    "Node1": 0,
    "Node2": 0,
    "X": 1097,
    "Y": 488,
    "StoreX": 1097,
    "StoreY": 488,
    "storeElevator": 1,
    "storeEscalator": 1,
    "Toilet": 1
},
{
    "mallLevel": 3,
    "storeName": "Haagen-Dazs",
    "Category": "Any",
    "name": 56,
    "Node1": 0,
    "Node2": 0,
    "X": 1102,
    "Y": 536,
    "StoreX": 1102,
    "StoreY": 536,
    "storeElevator": 1,
    "storeEscalator": 1,
    "Toilet": 1
},
{
    "mallLevel": 3,
    "storeName": "Pizza Hut",
    "Category": "Any",
    "name": 57,
    "Node1": 0,
    "Node2": 0,
    "X": 1081,
    "Y": 603,
    "StoreX": 1081,
    "StoreY": 603,
    "storeElevator": 1,
    "storeEscalator": 1,
    "Toilet": 1
},
{
    "mallLevel": 3,
    "storeName": "Chicken Licjen",
    "Category": "Any",
    "name": 58,
    "Node1": 0,
    "Node2": 0,
    "X": 1018,
    "Y": 627,
    "StoreX": 1018,
    "StoreY": 627,
    "storeElevator": 1,
    "storeEscalator": 1,
    "Toilet": 1
},
{
    "mallLevel": 3,
    "storeName": "Simply Asia",
    "Category": "Any",
    "name": 59,
    "Node1": 0,
    "Node2": 0,
    "X": 1047,
    "Y": 726,
    "StoreX": 1047,
    "StoreY": 726,
    "storeElevator": 1,
    "storeEscalator": 1,
    "Toilet": 1
},
{
    "mallLevel": 3,
    "storeName": "KFC",
    "Category": "Any",
    "name": 60,
    "Node1": 0,
    "Node2": 0,
    "X": 1084,
    "Y": 706,
    "StoreX": 1084,
    "StoreY": 706,
    "storeElevator": 1,
    "storeEscalator": 1,
    "Toilet": 1
},
{
    "mallLevel": 3,
    "storeName": "Lone Creek Spur",
    "Category": "Any",
    "name": 61,
    "Node1": 0,
    "Node2": 0,
    "X": 1095,
    "Y": 792,
    "StoreX": 1095,
    "StoreY": 792,
    "storeElevator": 1,
    "storeEscalator": 1,
    "Toilet": 1
},
{
    "mallLevel": 3,
    "storeName": "Frazers",
    "Category": "Any",
    "name": 62,
    "Node1": 0,
    "Node2": 0,
    "X": 1094,
    "Y": 847,
    "StoreX": 1094,
    "StoreY": 847,
    "storeElevator": 1,
    "storeEscalator": 1,
    "Toilet": 1
},
{
    "mallLevel": 3,
    "storeName": "Guess",
    "Category": "Any",
    "name": 63,
    "Node1": 0,
    "Node2": 0,
    "X": 1054,
    "Y": 858,
    "StoreX": 1054,
    "StoreY": 858,
    "storeElevator": 1,
    "storeEscalator": 1,
    "Toilet": 1
},
{
    "mallLevel": 3,
    "storeName": "Cipria Milano",
    "Category": "Any",
    "name": 64,
    "Node1": 0,
    "Node2": 0,
    "X": 1023,
    "Y": 853,
    "StoreX": 1023,
    "StoreY": 853,
    "storeElevator": 1,
    "storeEscalator": 1,
    "Toilet": 1
},
{
    "mallLevel": 3,
    "storeName": "Claires",
    "Category": "Any",
    "name": 65,
    "Node1": 0,
    "Node2": 0,
    "X": 990,
    "Y": 842,
    "StoreX": 990,
    "StoreY": 842,
    "storeElevator": 1,
    "storeEscalator": 1,
    "Toilet": 1
},
{
    "mallLevel": 3,
    "storeName": "Sergent Major",
    "Category": "Any",
    "name": 66,
    "Node1": 0,
    "Node2": 0,
    "X": 959,
    "Y": 827,
    "StoreX": 959,
    "StoreY": 827,
    "storeElevator": 1,
    "storeEscalator": 1,
    "Toilet": 1
},
{
    "mallLevel": 3,
    "storeName": "JET",
    "Category": "Any",
    "name": 67,
    "Node1": 0,
    "Node2": 0,
    "X": 923,
    "Y": 800,
    "StoreX": 923,
    "StoreY": 800,
    "storeElevator": 1,
    "storeEscalator": 1,
    "Toilet": 1
},
{
    "mallLevel": 3,
    "storeName": "Cell C",
    "Category": "Any",
    "name": 68,
    "Node1": 0,
    "Node2": 0,
    "X": 860,
    "Y": 767,
    "StoreX": 860,
    "StoreY": 767,
    "storeElevator": 1,
    "storeEscalator": 1,
    "Toilet": 1
},
{
    "mallLevel": 3,
    "storeName": "Samsung",
    "Category": "Any",
    "name": 69,
    "Node1": 0,
    "Node2": 0,
    "X": 822,
    "Y": 750,
    "StoreX": 822,
    "StoreY": 750,
    "storeElevator": 1,
    "storeEscalator": 1,
    "Toilet": 1
},
{
    "mallLevel": 3,
    "storeName": "Sheet Street",
    "Category": "Any",
    "name": 70,
    "Node1": 0,
    "Node2": 0,
    "X": 792,
    "Y": 720,
    "StoreX": 792,
    "StoreY": 720,
    "storeElevator": 1,
    "storeEscalator": 1,
    "Toilet": 1
},
{
    "mallLevel": 3,
    "storeName": "Mr Price ",
    "Category": "Any",
    "name": 71,
    "Node1": 0,
    "Node2": 0,
    "X": 722,
    "Y": 688,
    "StoreX": 722,
    "StoreY": 688,
    "storeElevator": 1,
    "storeEscalator": 1,
    "Toilet": 1
},
{
    "mallLevel": 3,
    "storeName": "Bolton Footwear",
    "Category": "Any",
    "name": 72,
    "Node1": 0,
    "Node2": 0,
    "X": 672,
    "Y": 661,
    "StoreX": 672,
    "StoreY": 661,
    "storeElevator": 1,
    "storeEscalator": 1,
    "Toilet": 1
},
{
    "mallLevel": 3,
    "storeName": "Aldo",
    "Category": "Any",
    "name": 73,
    "Node1": 0,
    "Node2": 0,
    "X": 1199,
    "Y": 488,
    "StoreX": 1199,
    "StoreY": 488,
    "storeElevator": 1,
    "storeEscalator": 1,
    "Toilet": 1
},
{
    "mallLevel": 3,
    "storeName": "Pylones",
    "Category": "Any",
    "name": 74,
    "Node1": 0,
    "Node2": 0,
    "X": 1241,
    "Y": 489,
    "StoreX": 1241,
    "StoreY": 489,
    "storeElevator": 1,
    "storeEscalator": 1,
    "Toilet": 1
},
{
    "mallLevel": 3,
    "storeName": "Levis",
    "Category": "Any",
    "name": 75,
    "Node1": 0,
    "Node2": 0,
    "X": 1272,
    "Y": 489,
    "StoreX": 1272,
    "StoreY": 489,
    "storeElevator": 1,
    "storeEscalator": 1,
    "Toilet": 1
},
{
    "mallLevel": 3,
    "storeName": "Accessorize",
    "Category": "Any",
    "name": 76,
    "Node1": 0,
    "Node2": 0,
    "X": 1301,
    "Y": 490,
    "StoreX": 1301,
    "StoreY": 490,
    "storeElevator": 1,
    "storeEscalator": 1,
    "Toilet": 1
},
{
    "mallLevel": 3,
    "storeName": "Rasik Jewellers",
    "Category": "Any",
    "name": 77,
    "Node1": 0,
    "Node2": 0,
    "X": 1327,
    "Y": 501,
    "StoreX": 1327,
    "StoreY": 501,
    "storeElevator": 1,
    "storeEscalator": 1,
    "Toilet": 1
},
{
    "mallLevel": 3,
    "storeName": "ATHome",
    "Category": "Any",
    "name": 78,
    "Node1": 0,
    "Node2": 0,
    "X": 1395,
    "Y": 516,
    "StoreX": 1395,
    "StoreY": 516,
    "storeElevator": 1,
    "storeEscalator": 1,
    "Toilet": 1
},
{
    "mallLevel": 3,
    "storeName": "Superga",
    "Category": "Any",
    "name": 79,
    "Node1": 0,
    "Node2": 0,
    "X": 1461,
    "Y": 530,
    "StoreX": 1461,
    "StoreY": 530,
    "storeElevator": 1,
    "storeEscalator": 1,
    "Toilet": 1
},
{
    "mallLevel": 3,
    "storeName": "Jeep",
    "Category": "Any",
    "name": 80,
    "Node1": 0,
    "Node2": 0,
    "X": 1494,
    "Y": 548,
    "StoreX": 1494,
    "StoreY": 548,
    "storeElevator": 1,
    "storeEscalator": 1,
    "Toilet": 1
},
{
    "mallLevel": 3,
    "storeName": "Tread & Miller",
    "Category": "Any",
    "name": 81,
    "Node1": 0,
    "Node2": 0,
    "X": 1521,
    "Y": 554,
    "StoreX": 1521,
    "StoreY": 554,
    "storeElevator": 1,
    "storeEscalator": 1,
    "Toilet": 1
},
{
    "mallLevel": 3,
    "storeName": "NXP",
    "Category": "Any",
    "name": 82,
    "Node1": 0,
    "Node2": 0,
    "X": 1544,
    "Y": 563,
    "StoreX": 1544,
    "StoreY": 563,
    "storeElevator": 1,
    "storeEscalator": 1,
    "Toilet": 1
},
{
    "mallLevel": 3,
    "storeName": "J J Cale",
    "Category": "Any",
    "name": 83,
    "Node1": 0,
    "Node2": 0,
    "X": 1567,
    "Y": 575,
    "StoreX": 1567,
    "StoreY": 575,
    "storeElevator": 1,
    "storeEscalator": 1,
    "Toilet": 1
},
{
    "mallLevel": 3,
    "storeName": "Havaianas",
    "Category": "Any",
    "name": 84,
    "Node1": 0,
    "Node2": 0,
    "X": 1589,
    "Y": 586,
    "StoreX": 1589,
    "StoreY": 586,
    "storeElevator": 1,
    "storeEscalator": 1,
    "Toilet": 1
},
{
    "mallLevel": 3,
    "storeName": "Bogart Man",
    "Category": "Any",
    "name": 85,
    "Node1": 0,
    "Node2": 0,
    "X": 1614,
    "Y": 599,
    "StoreX": 1614,
    "StoreY": 599,
    "storeElevator": 1,
    "storeEscalator": 1,
    "Toilet": 1
},
{
    "mallLevel": 3,
    "storeName": "Carrol Boyes",
    "Category": "Any",
    "name": 86,
    "Node1": 0,
    "Node2": 0,
    "X": 1633,
    "Y": 606,
    "StoreX": 1633,
    "StoreY": 606,
    "storeElevator": 1,
    "storeEscalator": 1,
    "Toilet": 1
},
{
    "mallLevel": 3,
    "storeName": "Vodacom Shop",
    "Category": "Any",
    "name": 87,
    "Node1": 0,
    "Node2": 0,
    "X": 1628,
    "Y": 661,
    "StoreX": 1628,
    "StoreY": 661,
    "storeElevator": 1,
    "storeEscalator": 1,
    "Toilet": 1
},
{
    "mallLevel": 3,
    "storeName": "Clicks Pharmacy",
    "Category": "Any",
    "name": 88,
    "Node1": 0,
    "Node2": 0,
    "X": 1544,
    "Y": 703,
    "StoreX": 1544,
    "StoreY": 703,
    "storeElevator": 1,
    "storeEscalator": 1,
    "Toilet": 1
},
{
    "mallLevel": 3,
    "storeName": "Salomaon",
    "Category": "Any",
    "name": 89,
    "Node1": 0,
    "Node2": 0,
    "X": 1501,
    "Y": 733,
    "StoreX": 1501,
    "StoreY": 733,
    "storeElevator": 1,
    "storeEscalator": 1,
    "Toilet": 1
},
{
    "mallLevel": 3,
    "storeName": "Factorie",
    "Category": "Any",
    "name": 90,
    "Node1": 0,
    "Node2": 0,
    "X": 1468,
    "Y": 754,
    "StoreX": 1468,
    "StoreY": 754,
    "storeElevator": 1,
    "storeEscalator": 1,
    "Toilet": 1
},
{
    "mallLevel": 3,
    "storeName": "Foschini",
    "Category": "Any",
    "name": 91,
    "Node1": 0,
    "Node2": 0,
    "X": 1410,
    "Y": 779,
    "StoreX": 1410,
    "StoreY": 779,
    "storeElevator": 1,
    "storeEscalator": 1,
    "Toilet": 1
},
{
    "mallLevel": 3,
    "storeName": "Gary Rom Hairdressing",
    "Category": "Any",
    "name": 92,
    "Node1": 0,
    "Node2": 0,
    "X": 1336,
    "Y": 821,
    "StoreX": 1336,
    "StoreY": 821,
    "storeElevator": 1,
    "storeEscalator": 1,
    "Toilet": 1
},
{
    "mallLevel": 3,
    "storeName": "Cardies",
    "Category": "Any",
    "name": 93,
    "Node1": 0,
    "Node2": 0,
    "X": 1272,
    "Y": 854,
    "StoreX": 1272,
    "StoreY": 854,
    "storeElevator": 1,
    "storeEscalator": 1,
    "Toilet": 1
},
{
    "mallLevel": 3,
    "storeName": "Guess Kids",
    "Category": "Any",
    "name": 94,
    "Node1": 0,
    "Node2": 0,
    "X": 1201,
    "Y": 847,
    "StoreX": 1201,
    "StoreY": 847,
    "storeElevator": 1,
    "storeEscalator": 1,
    "Toilet": 1
},
{
    "mallLevel": 3,
    "storeName": "Cinnabon",
    "Category": "Any",
    "name": 95,
    "Node1": 0,
    "Node2": 0,
    "X": 1191,
    "Y": 818,
    "StoreX": 1191,
    "StoreY": 818,
    "storeElevator": 1,
    "storeEscalator": 1,
    "Toilet": 1
},
{
    "mallLevel": 3,
    "storeName": "McDonalds",
    "Category": "Any",
    "name": 96,
    "Node1": 0,
    "Node2": 0,
    "X": 1199,
    "Y": 765,
    "StoreX": 1199,
    "StoreY": 765,
    "storeElevator": 1,
    "storeEscalator": 1,
    "Toilet": 1
},
{
    "mallLevel": 3,
    "storeName": "Power 98.7",
    "Category": "Any",
    "name": 97,
    "Node1": 0,
    "Node2": 0,
    "X": 1201,
    "Y": 717,
    "StoreX": 1201,
    "StoreY": 717,
    "storeElevator": 1,
    "storeEscalator": 1,
    "Toilet": 1
},
{
    "mallLevel": 3,
    "storeName": "Ster Kinekor",
    "Category": "Any",
    "name": 98,
    "Node1": 0,
    "Node2": 0,
    "X": 1199,
    "Y": 677,
    "StoreX": 1199,
    "StoreY": 677,
    "storeElevator": 1,
    "storeEscalator": 1,
    "Toilet": 1
},
{
    "mallLevel": 3,
    "storeName": "Sweets from Heaven",
    "Category": "Any",
    "name": 99,
    "Node1": 0,
    "Node2": 0,
    "X": 1207,
    "Y": 611,
    "StoreX": 1207,
    "StoreY": 611,
    "storeElevator": 1,
    "storeEscalator": 1,
    "Toilet": 1
},
{
    "mallLevel": 3,
    "storeName": "Anat",
    "Category": "Any",
    "name": 100,
    "Node1": 0,
    "Node2": 0,
    "X": 1197,
    "Y": 585,
    "StoreX": 1197,
    "StoreY": 585,
    "storeElevator": 1,
    "storeEscalator": 1,
    "Toilet": 1
},
{
    "mallLevel": 3,
    "storeName": "BT Games",
    "Category": "Any",
    "name": 101,
    "Node1": 0,
    "Node2": 0,
    "X": 1193,
    "Y": 555,
    "StoreX": 1193,
    "StoreY": 555,
    "storeElevator": 1,
    "storeEscalator": 1,
    "Toilet": 1
},
{
    "mallLevel": 3,
    "storeName": "Soda Bloc",
    "Category": "Any",
    "name": 102,
    "Node1": 0,
    "Node2": 0,
    "X": 1188,
    "Y": 523,
    "StoreX": 1188,
    "StoreY": 523,
    "storeElevator": 1,
    "storeEscalator": 1,
    "Toilet": 1
},
{
    "mallLevel": 3,
    "storeName": "Lamy",
    "Category": "Any",
    "name": 103,
    "Node1": 0,
    "Node2": 0,
    "X": 1503,
    "Y": 777,
    "StoreX": 1503,
    "StoreY": 777,
    "storeElevator": 1,
    "storeEscalator": 1,
    "Toilet": 1
}
]